China,2020,5312
United States,2019,12154
India,2019,935
Russia,2019,6685
Japan,2019,7150
Brazil,2019,2830
Canada,2019,14612
South Korea,2019,10192
Germany,2019,6306
France,2019,6702
Saudi Arabia,2019,9407
United Kingdom,2019,4496
Italy,2019,4928
Mexico,2019,2100
Taiwan,2019,9992
Spain,2019,5131
Australia,2019,9502
Indonesia,2019,972
Iran,2019,3072
Vietnam,2019,2250
South Africa,2019,3591
Turkey,2019,3013
Thailand,2019,2669
Egypt,2019,1500
Ukraine,2019,2902
Poland,2019,4018
Malaysia,2019,4608
Sweden,2020,13085
Norway,2019,23210
Argentina,2019,2782
Netherlands,2019,6386
United Arab Emirates,2019,12226
Philippines,2019,863
Kazakhstan,2019,4951
Pakistan,2019,557
Finland,2019,15254
Belgium,2019,7145
Venezuela,2019,2268
Austria,2019,7530
Chile,2019,3957
Czech Republic,2019,5991
Colombia,2019,1395
Israel,2019,6229
Switzerland,2019,6572
Bangladesh,2019,433
Kuwait,2019,14090
Greece,2019,5005
Algeria,2019,1442
Romania,2019,2842
Uzbekistan,2019,1465
Singapore,2019,8343
Portugal,2019,4677
Hong Kong,2019,5958
Iraq,2019,1119
New Zealand,2019,8372
Hungary,2019,4260
Peru,2019,1458
Qatar,2019,15316
Belarus,2019,3458
Denmark,2019,5620
Bulgaria,2019,4750
Morocco,2019,814
Slovakia,2019,4810
Serbia,2019,4362
Bahrain,2019,16724
Ireland,2019,5505
Oman,2019,6385
Nigeria,2019,144
Ecuador,2019,1416
Azerbaijan,2019,2024
Puerto Rico,2019,4843
Iceland,2019,51699
Syria,2019,836
Croatia,2019,4296
Jordan,2019,1721
Lebanon,2019,2583
Dominican Republic,2019,1496
Tunisia,2019,1354
Cuba,2019,1442
"Korea, North",2019,495
Slovenia,2019,6716
Turkmenistan,2019,2540
Tajikistan,2019,1726
Mozambique,2019,441
Kyrgyzstan,2019,1818
Sri Lanka,2019,616
Zambia,2019,733
Bosnia and Herzegovina,2019,3712
Myanmar,2019,333
Uruguay,2019,3412
Lithuania,2019,4057
Sudan,2019,268
Georgia,2019,3274
Paraguay,2019,1859
Libya,2019,3791
Congo Democratic Republic,2019,99
Costa Rica,2019,1994
Ghana,2019,291
Trinidad and Tobago,2019,5911
Guatemala,2019,637
Estonia,2019,6677
Angola,2019,326
Zimbabwe,2019,505
Panama,2019,2180
Albania,2019,1699
Kenya,2019,166
Bolivia,2019,787
North Macedonia,2019,3371
Latvia,2019,3595
Ethiopia,2019,80
Luxembourg,2019,9383
Cameroon,2019,261
Ivory Coast,2019,260
El Salvador,2019,963
Mongolia,2019,2150
Honduras,2019,687
West Bank,2016,1103
Yemen,2019,91
Armenia,2019,1958
Tanzania,2019,100
Afghanistan,2019,158
Macau,2019,8397
Nicaragua,2019,571
Moldova,2019,2241
Cambodia,2019,510
Laos,2019,566
Nepal,2019,229
Cyprus,2019,3774
Brunei,2019,8206
Botswana,2019,1433
Namibia,2019,1677
Papua New Guinea,2019,430
Senegal,2019,236
Kosovo,2019,3185
Montenegro,2019,4818
Jamaica,2019,1026
Uganda,2019,80
Mauritius,2019,2212
Gabon,2019,1027
Bhutan,2019,3126
New Caledonia,2019,9524
Malta,2019,4886
Suriname,2019,2861
Malawi,2019,81
Bahamas,2019,4545
Guam,2019,9797
Swaziland,2019,1465
Mali,2019,155
Liechtenstein,2019,10352
Madagascar,2019,78
Burkina Faso,2019,87
Niger,2019,68
Togo,2019,155
Benin,2019,101
Curacao,2019,5713
Congo,2019,375
Guinea,2019,155
Barbados,2019,3450
Mauritania,2019,195
Lesotho,2019,424
Guyana,2019,1087
Fiji,2019,1120
Aruba,2019,8457
French Polynesia,2019,1946
South Sudan,2019,48
Jersey,2016,6425
Bermuda,2019,8759
Cayman Islands,2019,9687
U.S. Virgin Islands,2019,5188
Marshall Islands,2019,9566
Andorra,2019,6482
Rwanda,2019,61
Burundi,2019,29
Belize,2019,1454
Djibouti,2019,391
Haiti,2019,32
Seychelles,2019,4125
Somalia,2019,21
Saint Lucia,2019,1924
Antigua and Barbuda,2019,3237
Cabo Verde,2019,827
Eritrea,2011,127
Faroe Islands,2019,6492
Gambia,2019,124
Greenland,2019,8812
Liberia,2019,70
Maldives,2019,1064
Northern Mariana Islands,2019,3495
Chad,2019,13
Saint Kitts and Nevis,2019,3478
Central African Republic,2019,30
Sierra Leone,2019,31
Turks and Caicos Islands,2019,4870
Gibraltar,2019,5803
Grenada,2019,1772
Micronesia Federated States,2019,1101
Timor-Leste,2019,77
British Virgin Islands,2019,3145
Saint Vincent and the Grenadines,2019,1203
American Samoa,2019,2741
Samoa,2019,627
Equatorial Guinea,2019,975
Dominica,2019,831
Solomon Islands,2019,147
Sao Tome and Principe,2019,376
Vanuatu,2019,217
Tonga,2019,490
Saint Pierre and Miquelon,2016,7479
Comoros,2019,110
Guinea-Bissau,2019,20
Cook Islands,2016,3308
Kiribati,2019,236
Nauru,2019,2587
Montserrat,2016,4061
Falkland Islands,2016,4759
Saint Helena Ascension and Tristan da Cunha,2016,3126
Niue,2016,1193